{"stats":{"minecraft:crafted":{"minecraft:black_dye":1,"minecraft:wooden_sword":2,"minecraft:oak_door":3,"minecraft:oak_planks":52,"minecraft:cooked_porkchop":8,"minecraft:crafting_table":2,"simplybackpacks:commonbackpack":1,"minecraft:wooden_pickaxe":1,"minecraft:iron_helmet":1,"minecraft:iron_sword":2,"minecraft:bone_meal":3,"minecraft:stone_axe":1,"minecraft:acacia_boat":1,"minecraft:cooked_mutton":4,"minecraft:air":0,"minecraft:iron_chestplate":2,"minecraft:charcoal":6,"minecraft:white_dye":2,"minecraft:iron_leggings":1,"minecraft:stick":32,"minecraft:chest":1,"minecraft:iron_ingot":30,"minecraft:iron_pickaxe":1,"minecraft:stone_pickaxe":2,"minecraft:wooden_axe":1,"minecraft:light_gray_dye":2,"minecraft:stone_sword":1,"minecraft:white_bed":2,"minecraft:acacia_planks":28,"minecraft:torch":120},"minecraft:picked_up":{"minecraft:azure_bluet":1,"minecraft:crafting_table":1,"minecraft:golden_carrot":2,"minecraft:leather":4,"minecraft:wooden_pickaxe":1,"minecraft:oak_log":23,"minecraft:gunpowder":1,"minecraft:dirt":41,"minecraft:string":9,"minecraft:wooden_sword":1,"minecraft:bone":5,"minecraft:wheat_seeds":1,"minecraft:beef":9,"minecraft:sugar_cane":2,"minecraft:oak_planks":9,"minecraft:stick":16,"minecraft:raw_iron":20,"minecraft:cooked_porkchop":3,"minecraft:acacia_log":7,"minecraft:torch":18,"minecraft:dandelion":1,"minecraft:gravel":2,"minecraft:porkchop":9,"minecraft:ink_sac":1,"tombstone:grave_dust":2,"minecraft:diorite":2,"minecraft:white_bed":1,"minecraft:mossy_cobblestone":2,"minecraft:stone_sword":1,"minecraft:arrow":3,"minecraft:rotten_flesh":5,"minecraft:diamond_axe":1,"minecraft:gold_ingot":7,"tombstone:magic_scroll":1,"minecraft:oak_sapling":1,"minecraft:mutton":7,"minecraft:coal":67,"minecraft:oxeye_daisy":1,"minecraft:white_wool":6,"minecraft:cobblestone":74,"minecraft:ender_pearl":1},"minecraft:killed":{"minecraft:pig":5,"minecraft:spider":4,"minecraft:creeper":1,"minecraft:squid":1,"minecraft:skeleton":3,"minecraft:sheep":6,"minecraft:zombie":4,"minecraft:cow":4,"minecraft:enderman":1},"minecraft:used":{"minecraft:water_bucket":1,"minecraft:acacia_boat":1,"minecraft:stone_sword":57,"minecraft:stone_pickaxe":195,"minecraft:wooden_pickaxe":9,"minecraft:iron_sword":46,"minecraft:diamond_axe":17,"minecraft:oak_door":1,"minecraft:torch":104,"minecraft:dirt":25,"minecraft:mutton":1,"minecraft:crafting_table":2,"minecraft:white_bed":3,"minecraft:wooden_axe":27,"minecraft:stone_axe":1,"minecraft:wooden_sword":13,"minecraft:cobblestone":28,"minecraft:beef":2,"minecraft:cooked_porkchop":11,"minecraft:bucket":1},"minecraft:custom":{"minecraft:interact_with_furnace":29,"minecraft:mob_kills":29,"minecraft:interact_with_crafting_table":32,"minecraft:open_barrel":5,"minecraft:leave_game":1,"minecraft:time_since_death":130211,"minecraft:sleep_in_bed":2,"minecraft:climb_one_cm":6155,"minecraft:time_since_rest":32358,"minecraft:sprint_one_cm":225688,"minecraft:damage_taken":708,"minecraft:walk_one_cm":270925,"minecraft:drop":39,"minecraft:damage_dealt":4840,"minecraft:swim_one_cm":14105,"minecraft:fly_one_cm":225018,"minecraft:open_chest":33,"minecraft:crouch_one_cm":1025,"minecraft:play_time":130211,"tombstone:undead_killed":7,"minecraft:sneak_time":823,"minecraft:walk_under_water_one_cm":4691,"minecraft:boat_one_cm":22663,"minecraft:jump":1402,"minecraft:walk_on_water_one_cm":8327,"minecraft:total_world_time":130211,"minecraft:fall_one_cm":31945},"minecraft:mined":{"minecraft:acacia_leaves":3,"minecraft:white_bed":1,"minecraft:farmland":1,"minecraft:mossy_cobblestone":2,"minecraft:dandelion":1,"minecraft:crafting_table":1,"minecraft:torch":3,"minecraft:acacia_log":7,"minecraft:grass_block":6,"minecraft:tall_grass":1,"minecraft:cobblestone":17,"minecraft:oxeye_daisy":1,"minecraft:sugar_cane":1,"minecraft:diorite":2,"minecraft:wall_torch":4,"minecraft:spawner":3,"minecraft:iron_ore":20,"minecraft:andesite":1,"minecraft:azure_bluet":1,"minecraft:vine":7,"minecraft:grass":11,"minecraft:oak_log":23,"minecraft:coal_ore":64,"minecraft:dirt":29,"minecraft:cobweb":11,"minecraft:stone":63,"minecraft:oak_leaves":11},"minecraft:broken":{"minecraft:stone_pickaxe":1},"minecraft:dropped":{"minecraft:gravel":2,"minecraft:iron_sword":1,"minecraft:stone_axe":1,"minecraft:black_dye":1,"minecraft:diamond_axe":1,"minecraft:stone_sword":2,"minecraft:raw_copper":23,"minecraft:oak_planks":9,"minecraft:leather":1,"tombstone:gemstone_of_familiar":1,"minecraft:stick":1,"minecraft:diamond_sword":1,"minecraft:dirt":5,"minecraft:diorite":2,"minecraft:torch":16,"minecraft:iron_chestplate":1,"minecraft:wooden_axe":1,"minecraft:gold_nugget":3,"minecraft:light_gray_dye":2,"minecraft:bone_meal":1,"minecraft:oak_sapling":1,"minecraft:wooden_sword":3,"minecraft:wooden_pickaxe":2,"minecraft:iron_pickaxe":1,"minecraft:gold_ingot":7,"minecraft:dandelion":1}},"DataVersion":3465}