{"stats":{"minecraft:crafted":{"minecraft:black_dye":1,"minecraft:oak_door":3,"minecraft:wooden_sword":2,"minecraft:oak_planks":52,"minecraft:bone_meal":6,"minecraft:cooked_mutton":4,"minecraft:stone_pickaxe":2,"minecraft:chest":1,"minecraft:cooked_porkchop":8,"minecraft:crafting_table":2,"minecraft:wooden_pickaxe":1,"simplybackpacks:commonbackpack":1,"minecraft:iron_helmet":1,"minecraft:iron_sword":2,"minecraft:stone_axe":1,"minecraft:acacia_boat":1,"minecraft:air":0,"minecraft:iron_chestplate":2,"minecraft:charcoal":6,"minecraft:white_dye":4,"minecraft:stick":32,"minecraft:iron_ingot":30,"minecraft:iron_pickaxe":1,"minecraft:wooden_axe":1,"minecraft:stone_sword":1,"minecraft:iron_leggings":1,"minecraft:light_gray_dye":2,"minecraft:white_bed":2,"minecraft:acacia_planks":28,"minecraft:torch":120},"minecraft:broken":{"minecraft:stone_pickaxe":1},"minecraft:custom":{"minecraft:mob_kills":32,"minecraft:interact_with_crafting_table":32,"minecraft:open_barrel":5,"minecraft:leave_game":3,"minecraft:time_since_death":149408,"minecraft:climb_one_cm":6155,"minecraft:sprint_one_cm":272577,"minecraft:walk_one_cm":301871,"minecraft:drop":45,"minecraft:talked_to_villager":2,"minecraft:play_time":149408,"minecraft:sneak_time":1262,"minecraft:walk_under_water_one_cm":18610,"minecraft:boat_one_cm":22663,"minecraft:jump":1669,"minecraft:walk_on_water_one_cm":11648,"minecraft:total_world_time":149408,"minecraft:interact_with_furnace":29,"minecraft:sleep_in_bed":2,"minecraft:time_since_rest":51555,"minecraft:damage_taken":1048,"minecraft:damage_dealt":5910,"minecraft:swim_one_cm":22743,"minecraft:fly_one_cm":281656,"minecraft:open_chest":41,"minecraft:crouch_one_cm":1027,"tombstone:undead_killed":8,"minecraft:fall_one_cm":39832},"minecraft:dropped":{"minecraft:iron_sword":1,"minecraft:black_dye":1,"minecraft:wheat_seeds":2,"minecraft:diamond_axe":1,"minecraft:leather":2,"minecraft:stick":1,"minecraft:dirt":5,"minecraft:diorite":2,"minecraft:torch":16,"minecraft:wooden_axe":1,"minecraft:wooden_sword":3,"minecraft:gold_nugget":3,"minecraft:bone_meal":1,"minecraft:iron_pickaxe":1,"minecraft:dandelion":1,"minecraft:gold_ingot":7,"minecraft:gravel":2,"minecraft:stone_axe":1,"minecraft:stone_sword":2,"minecraft:raw_copper":23,"minecraft:stone_shovel":1,"minecraft:oak_planks":9,"tombstone:gemstone_of_familiar":1,"minecraft:filled_map":1,"minecraft:diamond_sword":1,"minecraft:peony":1,"minecraft:iron_chestplate":1,"minecraft:oak_sapling":1,"minecraft:light_gray_dye":2,"minecraft:white_dye":2,"minecraft:wooden_pickaxe":2},"minecraft:used":{"minecraft:stone_sword":57,"minecraft:stone_shovel":2,"minecraft:iron_sword":46,"minecraft:oak_door":1,"minecraft:torch":104,"minecraft:dirt":25,"minecraft:mutton":1,"minecraft:wooden_axe":27,"minecraft:golden_carrot":1,"minecraft:beef":2,"minecraft:cooked_mutton":4,"minecraft:acacia_boat":1,"minecraft:water_bucket":1,"minecraft:stone_pickaxe":199,"minecraft:wooden_pickaxe":9,"minecraft:diamond_axe":28,"minecraft:crafting_table":2,"minecraft:white_bed":3,"minecraft:stone_axe":1,"minecraft:wooden_sword":13,"minecraft:cobblestone":28,"minecraft:cooked_porkchop":11,"minecraft:bucket":2},"minecraft:picked_up":{"minecraft:crafting_table":1,"minecraft:azure_bluet":1,"minecraft:lead":2,"minecraft:wooden_pickaxe":1,"minecraft:potion":1,"minecraft:string":9,"minecraft:wooden_sword":1,"minecraft:beef":9,"minecraft:sugar_cane":2,"minecraft:stick":16,"minecraft:raw_iron":20,"minecraft:sandstone":1,"minecraft:torch":18,"minecraft:acacia_log":7,"minecraft:porkchop":9,"tombstone:grave_dust":2,"minecraft:diorite":2,"minecraft:rotten_flesh":5,"minecraft:stone_shovel":1,"minecraft:stone_sword":1,"minecraft:arrow":3,"minecraft:peony":1,"minecraft:gold_ingot":7,"minecraft:mutton":7,"minecraft:white_wool":6,"minecraft:cobblestone":75,"minecraft:oxeye_daisy":1,"minecraft:golden_carrot":2,"minecraft:leather":5,"minecraft:filled_map":1,"minecraft:oak_log":23,"minecraft:gunpowder":1,"minecraft:dirt":43,"minecraft:bone":5,"minecraft:wheat_seeds":3,"minecraft:oak_planks":9,"minecraft:cooked_porkchop":3,"minecraft:dandelion":1,"minecraft:gravel":3,"minecraft:sand":4,"minecraft:ink_sac":1,"minecraft:white_bed":2,"minecraft:mossy_cobblestone":2,"minecraft:diamond_axe":1,"tombstone:magic_scroll":1,"minecraft:oak_sapling":1,"minecraft:coal":67,"minecraft:ender_pearl":1},"minecraft:killed":{"minecraft:spider":4,"minecraft:skeleton":3,"minecraft:drowned":1,"minecraft:pig":5,"minecraft:creeper":1,"minecraft:squid":1,"minecraft:sheep":6,"minecraft:trader_llama":2,"minecraft:zombie":4,"minecraft:cow":4,"minecraft:enderman":1},"minecraft:mined":{"minecraft:white_bed":2,"minecraft:farmland":1,"minecraft:mossy_cobblestone":2,"minecraft:acacia_log":7,"minecraft:grass_block":6,"minecraft:oxeye_daisy":1,"minecraft:sandstone":2,"minecraft:spawner":3,"minecraft:iron_ore":20,"minecraft:andesite":2,"minecraft:azure_bluet":1,"minecraft:vine":7,"minecraft:stone":64,"minecraft:acacia_leaves":3,"minecraft:dandelion":1,"minecraft:crafting_table":1,"minecraft:torch":3,"minecraft:tall_grass":1,"minecraft:cobblestone":17,"minecraft:sugar_cane":1,"minecraft:diorite":2,"minecraft:wall_torch":4,"minecraft:grass":11,"minecraft:oak_log":23,"minecraft:coal_ore":64,"minecraft:sand":1,"minecraft:dirt":31,"minecraft:cobweb":11,"minecraft:oak_leaves":11}},"DataVersion":3465}