{"stats":{"minecraft:picked_up":{"minecraft:leather":4,"minecraft:wooden_pickaxe":1,"minecraft:oak_log":23,"minecraft:dirt":29,"minecraft:string":3,"minecraft:wooden_sword":1,"minecraft:bone":3,"minecraft:wheat_seeds":1,"minecraft:beef":9,"minecraft:sugar_cane":2,"minecraft:oak_planks":9,"minecraft:stick":15,"minecraft:raw_iron":17,"minecraft:cooked_porkchop":3,"minecraft:torch":11,"minecraft:dandelion":1,"minecraft:gravel":2,"minecraft:porkchop":6,"tombstone:grave_dust":1,"minecraft:diorite":2,"minecraft:white_bed":1,"minecraft:mossy_cobblestone":2,"minecraft:stone_sword":1,"minecraft:arrow":2,"minecraft:rotten_flesh":2,"minecraft:oak_sapling":1,"minecraft:mutton":7,"minecraft:coal":67,"minecraft:white_wool":6,"minecraft:cobblestone":37,"minecraft:ender_pearl":1},"minecraft:crafted":{"minecraft:wooden_sword":2,"minecraft:oak_door":3,"minecraft:oak_planks":52,"minecraft:cooked_porkchop":8,"minecraft:crafting_table":1,"minecraft:wooden_pickaxe":1,"minecraft:iron_helmet":1,"minecraft:iron_sword":2,"minecraft:stone_axe":1,"minecraft:air":0,"minecraft:iron_chestplate":2,"minecraft:charcoal":6,"minecraft:stick":20,"minecraft:iron_ingot":28,"minecraft:iron_pickaxe":1,"minecraft:stone_pickaxe":2,"minecraft:wooden_axe":1,"minecraft:stone_sword":1,"minecraft:white_bed":2,"minecraft:torch":72},"minecraft:killed":{"minecraft:pig":3,"minecraft:spider":4,"minecraft:skeleton":2,"minecraft:sheep":6,"minecraft:zombie":2,"minecraft:cow":4,"minecraft:enderman":1},"minecraft:used":{"minecraft:stone_sword":57,"minecraft:stone_pickaxe":131,"minecraft:wooden_pickaxe":9,"minecraft:iron_sword":10,"minecraft:oak_door":1,"minecraft:torch":60,"minecraft:dirt":21,"minecraft:mutton":1,"minecraft:crafting_table":1,"minecraft:white_bed":3,"minecraft:wooden_axe":27,"minecraft:wooden_sword":13,"minecraft:cobblestone":9,"minecraft:beef":2,"minecraft:cooked_porkchop":6},"minecraft:custom":{"minecraft:interact_with_furnace":24,"minecraft:mob_kills":22,"minecraft:interact_with_crafting_table":24,"minecraft:leave_game":1,"minecraft:time_since_death":82211,"minecraft:sleep_in_bed":1,"minecraft:climb_one_cm":1485,"minecraft:time_since_rest":3481,"minecraft:sprint_one_cm":129863,"minecraft:damage_taken":505,"minecraft:walk_one_cm":150021,"minecraft:drop":28,"minecraft:damage_dealt":3401,"minecraft:fly_one_cm":158288,"minecraft:open_chest":8,"minecraft:crouch_one_cm":637,"minecraft:play_time":82211,"tombstone:undead_killed":4,"minecraft:sneak_time":268,"minecraft:walk_under_water_one_cm":915,"minecraft:jump":1040,"minecraft:walk_on_water_one_cm":5428,"minecraft:total_world_time":82211,"minecraft:fall_one_cm":24296},"minecraft:mined":{"minecraft:white_bed":1,"minecraft:mossy_cobblestone":2,"minecraft:dandelion":1,"minecraft:torch":2,"minecraft:grass_block":3,"minecraft:tall_grass":1,"minecraft:cobblestone":12,"minecraft:sugar_cane":1,"minecraft:diorite":2,"minecraft:wall_torch":3,"minecraft:iron_ore":17,"minecraft:andesite":1,"minecraft:grass":9,"minecraft:oak_log":23,"minecraft:coal_ore":64,"minecraft:dirt":20,"minecraft:cobweb":1,"minecraft:stone":25,"minecraft:oak_leaves":11},"minecraft:broken":{"minecraft:stone_pickaxe":1},"minecraft:dropped":{"minecraft:gravel":2,"minecraft:iron_sword":1,"minecraft:stone_sword":1,"minecraft:raw_copper":23,"minecraft:oak_planks":9,"minecraft:leather":1,"tombstone:gemstone_of_familiar":1,"minecraft:dirt":4,"minecraft:diorite":2,"minecraft:torch":16,"minecraft:iron_chestplate":1,"minecraft:wooden_axe":1,"minecraft:oak_sapling":1,"minecraft:wooden_sword":3,"minecraft:wooden_pickaxe":2,"minecraft:iron_pickaxe":1,"minecraft:dandelion":1}},"DataVersion":3465}