{"stats":{"minecraft:picked_up":{"minecraft:leather":4,"minecraft:wooden_pickaxe":1,"minecraft:dandelion":1,"minecraft:oak_log":7,"tombstone:grave_dust":1,"minecraft:string":1,"minecraft:mossy_cobblestone":2,"minecraft:wooden_sword":1,"minecraft:wheat_seeds":1,"minecraft:beef":9,"minecraft:oak_planks":7,"minecraft:mutton":1,"minecraft:white_wool":1,"minecraft:cobblestone":7},"minecraft:crafted":{"minecraft:wooden_sword":2,"minecraft:oak_planks":20,"minecraft:crafting_table":1,"minecraft:stick":12,"minecraft:wooden_pickaxe":1,"minecraft:stone_pickaxe":1,"minecraft:wooden_axe":1,"minecraft:stone_sword":1},"minecraft:killed":{"minecraft:sheep":1,"minecraft:zombie":2,"minecraft:cow":4},"minecraft:used":{"minecraft:wooden_axe":4,"minecraft:stone_sword":12,"minecraft:stone_pickaxe":2,"minecraft:wooden_pickaxe":9,"minecraft:wooden_sword":13,"minecraft:cobblestone":2,"minecraft:mutton":1,"minecraft:crafting_table":1},"minecraft:custom":{"minecraft:time_since_rest":22633,"minecraft:sprint_one_cm":20767,"minecraft:damage_taken":225,"minecraft:walk_one_cm":39723,"minecraft:mob_kills":7,"minecraft:drop":10,"minecraft:damage_dealt":950,"minecraft:interact_with_crafting_table":6,"minecraft:fly_one_cm":43079,"minecraft:play_time":22633,"tombstone:undead_killed":2,"minecraft:jump":280,"minecraft:time_since_death":22633,"minecraft:total_world_time":22633,"minecraft:climb_one_cm":1485,"minecraft:fall_one_cm":5276},"minecraft:mined":{"minecraft:mossy_cobblestone":2,"minecraft:dandelion":1,"minecraft:grass":7,"minecraft:oak_log":7,"minecraft:cobweb":1,"minecraft:tall_grass":1,"minecraft:cobblestone":7,"minecraft:oak_leaves":6},"minecraft:dropped":{"minecraft:wooden_sword":3,"minecraft:oak_planks":7,"minecraft:leather":1,"minecraft:wooden_pickaxe":2,"minecraft:dandelion":1}},"DataVersion":3465}