{"stats":{"minecraft:picked_up":{"minecraft:leather":1,"minecraft:wooden_pickaxe":1,"minecraft:dandelion":1,"minecraft:oak_log":5,"tombstone:grave_dust":1,"minecraft:string":1,"minecraft:mossy_cobblestone":2,"minecraft:wooden_sword":1,"minecraft:wheat_seeds":1,"minecraft:beef":3,"minecraft:oak_planks":7,"minecraft:mutton":1,"minecraft:white_wool":1,"minecraft:cobblestone":7},"minecraft:crafted":{"minecraft:wooden_sword":2,"minecraft:oak_planks":20,"minecraft:crafting_table":1,"minecraft:stick":12,"minecraft:wooden_pickaxe":1,"minecraft:stone_pickaxe":1,"minecraft:wooden_axe":1,"minecraft:stone_sword":1},"minecraft:killed":{"minecraft:sheep":1,"minecraft:zombie":2,"minecraft:cow":1},"minecraft:used":{"minecraft:stone_sword":1,"minecraft:stone_pickaxe":2,"minecraft:wooden_pickaxe":9,"minecraft:wooden_sword":13,"minecraft:mutton":1,"minecraft:crafting_table":1},"minecraft:custom":{"minecraft:time_since_rest":10633,"minecraft:sprint_one_cm":17075,"minecraft:damage_taken":195,"minecraft:walk_one_cm":27557,"minecraft:mob_kills":4,"minecraft:drop":10,"minecraft:damage_dealt":650,"minecraft:interact_with_crafting_table":6,"minecraft:fly_one_cm":37009,"minecraft:play_time":10633,"tombstone:undead_killed":2,"minecraft:jump":235,"minecraft:time_since_death":10633,"minecraft:total_world_time":10633,"minecraft:climb_one_cm":1031,"minecraft:fall_one_cm":4382},"minecraft:mined":{"minecraft:mossy_cobblestone":2,"minecraft:dandelion":1,"minecraft:grass":6,"minecraft:oak_log":5,"minecraft:cobweb":1,"minecraft:tall_grass":1,"minecraft:cobblestone":7},"minecraft:dropped":{"minecraft:wooden_sword":3,"minecraft:oak_planks":7,"minecraft:leather":1,"minecraft:wooden_pickaxe":2,"minecraft:dandelion":1}},"DataVersion":3465}