{"stats":{"minecraft:picked_up":{"minecraft:leather":4,"minecraft:wooden_pickaxe":1,"minecraft:dandelion":1,"minecraft:oak_log":7,"tombstone:grave_dust":1,"minecraft:dirt":21,"minecraft:string":1,"minecraft:mossy_cobblestone":2,"minecraft:wooden_sword":1,"minecraft:rotten_flesh":2,"minecraft:wheat_seeds":1,"minecraft:beef":9,"minecraft:sugar_cane":2,"minecraft:oak_planks":7,"minecraft:mutton":1,"minecraft:white_wool":1,"minecraft:cobblestone":10},"minecraft:crafted":{"minecraft:wooden_sword":2,"minecraft:oak_door":3,"minecraft:oak_planks":28,"minecraft:cooked_porkchop":3,"minecraft:crafting_table":1,"minecraft:stick":12,"minecraft:wooden_pickaxe":1,"minecraft:stone_pickaxe":1,"minecraft:wooden_axe":1,"minecraft:stone_sword":1},"minecraft:killed":{"minecraft:sheep":1,"minecraft:zombie":2,"minecraft:cow":4},"minecraft:used":{"minecraft:wooden_axe":6,"minecraft:stone_sword":12,"minecraft:stone_pickaxe":23,"minecraft:wooden_pickaxe":9,"minecraft:oak_door":1,"minecraft:wooden_sword":13,"minecraft:dirt":3,"minecraft:cobblestone":2,"minecraft:mutton":1,"minecraft:beef":2,"minecraft:crafting_table":1,"minecraft:cooked_porkchop":2},"minecraft:custom":{"minecraft:time_since_rest":34633,"minecraft:interact_with_furnace":1,"minecraft:sprint_one_cm":37192,"minecraft:damage_taken":225,"minecraft:walk_one_cm":54649,"minecraft:mob_kills":7,"minecraft:drop":13,"minecraft:damage_dealt":950,"minecraft:interact_with_crafting_table":7,"minecraft:fly_one_cm":66471,"minecraft:play_time":34633,"tombstone:undead_killed":2,"minecraft:jump":444,"minecraft:walk_on_water_one_cm":764,"minecraft:time_since_death":34633,"minecraft:total_world_time":34633,"minecraft:climb_one_cm":1485,"minecraft:fall_one_cm":8494},"minecraft:mined":{"minecraft:mossy_cobblestone":2,"minecraft:andesite":1,"minecraft:dandelion":1,"minecraft:grass":7,"minecraft:grass_block":3,"minecraft:oak_log":7,"minecraft:dirt":15,"minecraft:cobweb":1,"minecraft:tall_grass":1,"minecraft:cobblestone":7,"minecraft:stone":10,"minecraft:sugar_cane":1,"minecraft:oak_leaves":6},"minecraft:dropped":{"minecraft:dirt":3,"minecraft:wooden_sword":3,"minecraft:oak_planks":7,"minecraft:leather":1,"minecraft:wooden_pickaxe":2,"minecraft:dandelion":1}},"DataVersion":3465}