{"stats":{"minecraft:picked_up":{"minecraft:leather":4,"minecraft:wooden_pickaxe":1,"minecraft:oak_log":17,"minecraft:string":3,"minecraft:dirt":23,"minecraft:wooden_sword":1,"minecraft:bone":2,"minecraft:wheat_seeds":1,"minecraft:beef":9,"minecraft:sugar_cane":2,"minecraft:oak_planks":9,"minecraft:stick":15,"minecraft:raw_iron":15,"minecraft:cooked_porkchop":3,"minecraft:torch":9,"minecraft:dandelion":1,"minecraft:gravel":1,"minecraft:porkchop":3,"tombstone:grave_dust":1,"minecraft:diorite":2,"minecraft:mossy_cobblestone":2,"minecraft:rotten_flesh":2,"minecraft:oak_sapling":1,"minecraft:coal":44,"minecraft:mutton":1,"minecraft:white_wool":1,"minecraft:cobblestone":34},"minecraft:crafted":{"minecraft:wooden_sword":2,"minecraft:oak_door":3,"minecraft:oak_planks":28,"minecraft:cooked_porkchop":3,"minecraft:crafting_table":1,"minecraft:wooden_pickaxe":1,"minecraft:air":0,"minecraft:charcoal":6,"minecraft:stick":12,"minecraft:stone_pickaxe":1,"minecraft:wooden_axe":1,"minecraft:stone_sword":1,"minecraft:torch":56},"minecraft:killed":{"minecraft:pig":1,"minecraft:spider":4,"minecraft:skeleton":1,"minecraft:sheep":1,"minecraft:zombie":2,"minecraft:cow":4},"minecraft:used":{"minecraft:stone_sword":40,"minecraft:stone_pickaxe":100,"minecraft:wooden_pickaxe":9,"minecraft:oak_door":1,"minecraft:torch":33,"minecraft:dirt":12,"minecraft:mutton":1,"minecraft:crafting_table":1,"minecraft:wooden_axe":19,"minecraft:wooden_sword":13,"minecraft:cobblestone":2,"minecraft:beef":2,"minecraft:cooked_porkchop":5},"minecraft:custom":{"minecraft:interact_with_furnace":9,"minecraft:mob_kills":13,"minecraft:interact_with_crafting_table":7,"minecraft:time_since_death":58633,"minecraft:climb_one_cm":1485,"minecraft:time_since_rest":58633,"minecraft:sprint_one_cm":74890,"minecraft:damage_taken":445,"minecraft:walk_one_cm":101290,"minecraft:drop":19,"minecraft:damage_dealt":2040,"minecraft:fly_one_cm":94936,"minecraft:open_chest":4,"minecraft:crouch_one_cm":126,"minecraft:play_time":58633,"tombstone:undead_killed":3,"minecraft:sneak_time":56,"minecraft:walk_under_water_one_cm":265,"minecraft:jump":655,"minecraft:walk_on_water_one_cm":1687,"minecraft:total_world_time":58633,"minecraft:fall_one_cm":14742},"minecraft:mined":{"minecraft:mossy_cobblestone":2,"minecraft:dandelion":1,"minecraft:torch":1,"minecraft:grass_block":3,"minecraft:tall_grass":1,"minecraft:cobblestone":9,"minecraft:sugar_cane":1,"minecraft:diorite":2,"minecraft:wall_torch":1,"minecraft:iron_ore":15,"minecraft:andesite":1,"minecraft:grass":9,"minecraft:coal_ore":41,"minecraft:oak_log":17,"minecraft:dirt":15,"minecraft:cobweb":1,"minecraft:stone":23,"minecraft:oak_leaves":11},"minecraft:dropped":{"minecraft:raw_copper":23,"minecraft:oak_planks":9,"minecraft:leather":1,"minecraft:dirt":3,"minecraft:torch":16,"minecraft:oak_sapling":1,"minecraft:wooden_sword":3,"minecraft:wooden_pickaxe":2,"minecraft:dandelion":1}},"DataVersion":3465}