{"stats":{"minecraft:picked_up":{"minecraft:leather":4,"minecraft:wooden_pickaxe":1,"minecraft:oak_log":23,"minecraft:dirt":29,"minecraft:string":9,"minecraft:wooden_sword":1,"minecraft:bone":5,"minecraft:wheat_seeds":1,"minecraft:beef":9,"minecraft:sugar_cane":2,"minecraft:oak_planks":9,"minecraft:stick":15,"minecraft:raw_iron":20,"minecraft:cooked_porkchop":3,"minecraft:torch":18,"minecraft:dandelion":1,"minecraft:gravel":2,"minecraft:porkchop":6,"tombstone:grave_dust":2,"minecraft:diorite":2,"minecraft:white_bed":1,"minecraft:mossy_cobblestone":2,"minecraft:stone_sword":1,"minecraft:arrow":3,"minecraft:rotten_flesh":5,"tombstone:magic_scroll":1,"minecraft:oak_sapling":1,"minecraft:mutton":7,"minecraft:coal":67,"minecraft:white_wool":6,"minecraft:cobblestone":49,"minecraft:ender_pearl":1},"minecraft:crafted":{"minecraft:wooden_sword":2,"minecraft:oak_door":3,"minecraft:oak_planks":52,"minecraft:cooked_porkchop":8,"minecraft:crafting_table":1,"minecraft:wooden_pickaxe":1,"minecraft:iron_helmet":1,"minecraft:iron_sword":2,"minecraft:stone_axe":1,"minecraft:air":0,"minecraft:iron_chestplate":2,"minecraft:charcoal":6,"minecraft:stick":32,"minecraft:iron_ingot":28,"minecraft:iron_pickaxe":1,"minecraft:stone_pickaxe":2,"minecraft:wooden_axe":1,"minecraft:stone_sword":1,"minecraft:white_bed":2,"minecraft:torch":120},"minecraft:killed":{"minecraft:pig":3,"minecraft:spider":4,"minecraft:skeleton":3,"minecraft:sheep":6,"minecraft:zombie":4,"minecraft:cow":4,"minecraft:enderman":1},"minecraft:used":{"minecraft:stone_sword":57,"minecraft:stone_pickaxe":150,"minecraft:wooden_pickaxe":9,"minecraft:iron_sword":37,"minecraft:oak_door":1,"minecraft:torch":98,"minecraft:dirt":25,"minecraft:mutton":1,"minecraft:crafting_table":1,"minecraft:white_bed":3,"minecraft:wooden_axe":27,"minecraft:stone_axe":1,"minecraft:wooden_sword":13,"minecraft:cobblestone":26,"minecraft:beef":2,"minecraft:cooked_porkchop":8},"minecraft:custom":{"minecraft:interact_with_furnace":24,"minecraft:mob_kills":25,"minecraft:interact_with_crafting_table":24,"minecraft:open_barrel":5,"minecraft:leave_game":1,"minecraft:time_since_death":94211,"minecraft:sleep_in_bed":1,"minecraft:climb_one_cm":4122,"minecraft:time_since_rest":15481,"minecraft:sprint_one_cm":171399,"minecraft:damage_taken":608,"minecraft:walk_one_cm":196476,"minecraft:drop":29,"minecraft:damage_dealt":4084,"minecraft:fly_one_cm":161218,"minecraft:open_chest":21,"minecraft:crouch_one_cm":1017,"minecraft:play_time":94211,"tombstone:undead_killed":7,"minecraft:sneak_time":618,"minecraft:walk_under_water_one_cm":915,"minecraft:jump":1080,"minecraft:walk_on_water_one_cm":5428,"minecraft:total_world_time":94211,"minecraft:fall_one_cm":24505},"minecraft:mined":{"minecraft:white_bed":1,"minecraft:mossy_cobblestone":2,"minecraft:dandelion":1,"minecraft:torch":3,"minecraft:grass_block":3,"minecraft:tall_grass":1,"minecraft:cobblestone":17,"minecraft:sugar_cane":1,"minecraft:diorite":2,"minecraft:wall_torch":4,"minecraft:spawner":3,"minecraft:iron_ore":20,"minecraft:andesite":1,"minecraft:vine":5,"minecraft:grass":9,"minecraft:oak_log":23,"minecraft:coal_ore":64,"minecraft:dirt":20,"minecraft:cobweb":11,"minecraft:stone":32,"minecraft:oak_leaves":11},"minecraft:broken":{"minecraft:stone_pickaxe":1},"minecraft:dropped":{"minecraft:gravel":2,"minecraft:iron_sword":1,"minecraft:stone_sword":1,"minecraft:raw_copper":23,"minecraft:oak_planks":9,"minecraft:leather":1,"tombstone:gemstone_of_familiar":1,"minecraft:diamond_sword":1,"minecraft:dirt":4,"minecraft:diorite":2,"minecraft:torch":16,"minecraft:iron_chestplate":1,"minecraft:wooden_axe":1,"minecraft:oak_sapling":1,"minecraft:wooden_sword":3,"minecraft:wooden_pickaxe":2,"minecraft:iron_pickaxe":1,"minecraft:dandelion":1}},"DataVersion":3465}