{"stats":{"minecraft:picked_up":{"minecraft:andesite":4,"minecraft:leather":3,"minecraft:wooden_pickaxe":1,"tombstone:gemstone_of_familiar":1,"minecraft:oak_log":37,"minecraft:string":1,"minecraft:dirt":4,"minecraft:raw_copper":124,"minecraft:wooden_sword":3,"minecraft:bone":4,"minecraft:apple":1,"tombstone:bag_of_seeds":1,"minecraft:oak_planks":8,"minecraft:raw_iron":12,"minecraft:stick":3,"minecraft:torch":14,"minecraft:dandelion":3,"minecraft:gravel":2,"minecraft:porkchop":11,"minecraft:mossy_cobblestone":2,"minecraft:arrow":3,"minecraft:oak_sapling":11,"minecraft:coal":57,"minecraft:cobblestone":136},"minecraft:crafted":{"minecraft:cooked_beef":7,"minecraft:oak_planks":98,"minecraft:cooked_porkchop":6,"minecraft:wooden_pickaxe":1,"minecraft:furnace":1,"minecraft:copper_ingot":6,"minecraft:stone_axe":2,"minecraft:charcoal":2,"minecraft:stick":24,"minecraft:stone_pickaxe":2,"minecraft:stone_sword":1,"minecraft:chest":2},"minecraft:killed":{"minecraft:pig":6,"minecraft:creeper":1,"minecraft:skeleton":4,"minecraft:zombie":2},"minecraft:used":{"minecraft:stone_sword":78,"minecraft:stone_pickaxe":241,"minecraft:chest":2,"minecraft:wooden_pickaxe":10,"minecraft:torch":5,"minecraft:apple":1,"minecraft:gravel":1,"minecraft:stone_axe":95,"minecraft:cobblestone":10,"minecraft:furnace":1,"minecraft:oak_sapling":10,"minecraft:cooked_porkchop":3,"minecraft:andesite":3,"minecraft:cooked_beef":5},"minecraft:custom":{"minecraft:interact_with_furnace":13,"minecraft:mob_kills":14,"minecraft:interact_with_crafting_table":9,"minecraft:leave_game":1,"minecraft:time_since_death":71891,"minecraft:climb_one_cm":3726,"minecraft:time_since_rest":71891,"minecraft:sprint_one_cm":111341,"minecraft:damage_taken":741,"minecraft:walk_one_cm":312177,"minecraft:drop":24,"minecraft:damage_dealt":1772,"minecraft:fly_one_cm":26748,"minecraft:open_chest":10,"minecraft:crouch_one_cm":322,"minecraft:play_time":71891,"tombstone:undead_killed":6,"minecraft:sneak_time":181,"minecraft:walk_under_water_one_cm":793,"minecraft:jump":656,"minecraft:walk_on_water_one_cm":11453,"minecraft:total_world_time":71891,"minecraft:fall_one_cm":9735},"minecraft:mined":{"minecraft:oak_sapling":1,"minecraft:mossy_cobblestone":1,"minecraft:glow_lichen":1,"minecraft:torch":3,"minecraft:tall_grass":3,"minecraft:copper_ore":29,"minecraft:cobblestone":23,"minecraft:iron_ore":12,"minecraft:andesite":4,"minecraft:birch_leaves":4,"minecraft:grass":30,"minecraft:oak_log":38,"minecraft:coal_ore":60,"minecraft:gravel":4,"minecraft:dirt":4,"minecraft:cobweb":1,"minecraft:stone":117,"minecraft:oak_leaves":64},"minecraft:broken":{"minecraft:stone_pickaxe":1},"minecraft:dropped":{"minecraft:mossy_cobblestone":2,"minecraft:cooked_porkchop":3,"minecraft:oak_planks":8,"minecraft:leather":3,"minecraft:stick":15,"minecraft:dirt":4,"minecraft:oak_sapling":1,"minecraft:wooden_sword":3,"minecraft:wooden_pickaxe":2,"minecraft:dandelion":3}},"DataVersion":3465}