{"stats":{"minecraft:picked_up":{"minecraft:andesite":3,"minecraft:leather":3,"minecraft:dandelion":3,"minecraft:wooden_pickaxe":1,"minecraft:porkchop":9,"minecraft:oak_log":37,"minecraft:dirt":4,"minecraft:mossy_cobblestone":2,"minecraft:string":1,"minecraft:raw_copper":29,"minecraft:wooden_sword":3,"minecraft:arrow":1,"minecraft:bone":3,"minecraft:oak_sapling":4,"minecraft:oak_planks":8,"minecraft:cobblestone":111},"minecraft:crafted":{"minecraft:cooked_beef":7,"minecraft:oak_planks":98,"minecraft:cooked_porkchop":5,"minecraft:stick":24,"minecraft:wooden_pickaxe":1,"minecraft:stone_pickaxe":2,"minecraft:chest":2,"minecraft:stone_sword":1,"minecraft:furnace":1,"minecraft:copper_ingot":6,"minecraft:stone_axe":2},"minecraft:killed":{"minecraft:skeleton":2,"minecraft:zombie":1,"minecraft:pig":5,"minecraft:creeper":1},"minecraft:used":{"minecraft:stone_sword":58,"minecraft:stone_pickaxe":115,"minecraft:chest":2,"minecraft:wooden_pickaxe":10,"minecraft:stone_axe":77,"minecraft:cobblestone":4,"minecraft:oak_sapling":4,"minecraft:furnace":1,"minecraft:cooked_porkchop":2,"minecraft:andesite":2,"minecraft:cooked_beef":3},"minecraft:custom":{"minecraft:time_since_rest":48369,"minecraft:interact_with_furnace":12,"minecraft:sprint_one_cm":80254,"minecraft:damage_taken":380,"minecraft:walk_one_cm":193578,"minecraft:mob_kills":10,"minecraft:drop":22,"minecraft:damage_dealt":1172,"minecraft:interact_with_crafting_table":9,"minecraft:fly_one_cm":18997,"minecraft:open_chest":8,"minecraft:crouch_one_cm":128,"minecraft:play_time":48369,"tombstone:undead_killed":3,"minecraft:sneak_time":86,"minecraft:jump":443,"minecraft:time_since_death":48369,"minecraft:climb_one_cm":3726,"minecraft:total_world_time":48369,"minecraft:fall_one_cm":7674},"minecraft:mined":{"minecraft:oak_sapling":1,"minecraft:mossy_cobblestone":1,"minecraft:birch_leaves":4,"minecraft:andesite":3,"minecraft:glow_lichen":1,"minecraft:grass":28,"minecraft:oak_log":38,"minecraft:dirt":4,"minecraft:cobweb":1,"minecraft:copper_ore":8,"minecraft:tall_grass":2,"minecraft:cobblestone":21,"minecraft:stone":91,"minecraft:oak_leaves":36},"minecraft:dropped":{"minecraft:dirt":4,"minecraft:mossy_cobblestone":2,"minecraft:cooked_porkchop":3,"minecraft:wooden_sword":3,"minecraft:oak_planks":8,"minecraft:leather":3,"minecraft:wooden_pickaxe":2,"minecraft:dandelion":3}},"DataVersion":3465}