{"stats":{"minecraft:picked_up":{"minecraft:andesite":3,"minecraft:leather":3,"minecraft:dandelion":3,"minecraft:wooden_pickaxe":1,"minecraft:porkchop":8,"minecraft:oak_log":37,"minecraft:dirt":4,"minecraft:mossy_cobblestone":2,"minecraft:string":1,"minecraft:wooden_sword":3,"minecraft:oak_sapling":4,"minecraft:oak_planks":8,"minecraft:cobblestone":111},"minecraft:crafted":{"minecraft:cooked_beef":7,"minecraft:oak_planks":98,"minecraft:cooked_porkchop":2,"minecraft:stick":8,"minecraft:wooden_pickaxe":1,"minecraft:stone_pickaxe":1,"minecraft:chest":2,"minecraft:stone_sword":1,"minecraft:furnace":1,"minecraft:stone_axe":1},"minecraft:killed":{"minecraft:zombie":1,"minecraft:pig":4},"minecraft:used":{"minecraft:stone_sword":36,"minecraft:stone_pickaxe":107,"minecraft:chest":2,"minecraft:wooden_pickaxe":10,"minecraft:stone_axe":66,"minecraft:cobblestone":4,"minecraft:oak_sapling":3,"minecraft:furnace":1,"minecraft:cooked_porkchop":2,"minecraft:andesite":2},"minecraft:custom":{"minecraft:time_since_rest":36369,"minecraft:interact_with_furnace":7,"minecraft:sprint_one_cm":55263,"minecraft:damage_taken":125,"minecraft:walk_one_cm":155331,"minecraft:mob_kills":6,"minecraft:drop":19,"minecraft:damage_dealt":581,"minecraft:interact_with_crafting_table":8,"minecraft:fly_one_cm":12560,"minecraft:open_chest":1,"minecraft:crouch_one_cm":128,"minecraft:play_time":36369,"tombstone:undead_killed":1,"minecraft:sneak_time":77,"minecraft:jump":337,"minecraft:time_since_death":36369,"minecraft:climb_one_cm":3458,"minecraft:total_world_time":36369,"minecraft:fall_one_cm":4902},"minecraft:mined":{"minecraft:oak_sapling":1,"minecraft:mossy_cobblestone":1,"minecraft:birch_leaves":4,"minecraft:andesite":3,"minecraft:glow_lichen":1,"minecraft:grass":23,"minecraft:oak_log":38,"minecraft:dirt":4,"minecraft:cobweb":1,"minecraft:cobblestone":21,"minecraft:stone":91,"minecraft:oak_leaves":35},"minecraft:dropped":{"minecraft:dirt":4,"minecraft:mossy_cobblestone":2,"minecraft:wooden_sword":3,"minecraft:oak_planks":8,"minecraft:leather":3,"minecraft:wooden_pickaxe":2,"minecraft:dandelion":3}},"DataVersion":3465}