{"stats":{"minecraft:crafted":{"minecraft:cooked_beef":7,"minecraft:oak_planks":98,"minecraft:cooked_porkchop":6,"minecraft:wooden_pickaxe":1,"minecraft:furnace":1,"minecraft:copper_ingot":6,"minecraft:stone_axe":3,"minecraft:cooked_mutton":2,"minecraft:charcoal":2,"minecraft:stick":44,"minecraft:iron_ingot":1,"minecraft:stone_pickaxe":2,"minecraft:stone_sword":1,"minecraft:chest":2,"minecraft:torch":26},"minecraft:picked_up":{"minecraft:wooden_axe":1,"minecraft:iron_chestplate":1,"minecraft:andesite":4,"minecraft:leather":3,"minecraft:wooden_pickaxe":1,"tombstone:gemstone_of_familiar":1,"minecraft:oak_log":47,"minecraft:string":1,"minecraft:dirt":4,"minecraft:raw_copper":124,"minecraft:wooden_sword":3,"minecraft:bone":4,"minecraft:apple":1,"minecraft:wheat_seeds":1,"tombstone:bag_of_seeds":1,"minecraft:iron_pickaxe":1,"minecraft:iron_sword":1,"minecraft:oak_planks":8,"minecraft:raw_iron":12,"minecraft:stick":3,"minecraft:torch":14,"minecraft:dandelion":3,"minecraft:gravel":4,"minecraft:porkchop":11,"minecraft:mossy_cobblestone":2,"minecraft:arrow":3,"minecraft:oak_sapling":14,"minecraft:coal":57,"minecraft:cobblestone":136},"minecraft:killed":{"minecraft:pig":6,"minecraft:creeper":1,"minecraft:skeleton":4,"minecraft:zombie":2},"minecraft:used":{"minecraft:stone_sword":78,"minecraft:stone_pickaxe":241,"minecraft:chest":2,"minecraft:wooden_pickaxe":10,"minecraft:iron_chestplate":1,"minecraft:torch":6,"minecraft:apple":1,"minecraft:gravel":2,"minecraft:stone_axe":115,"minecraft:cobblestone":11,"minecraft:furnace":1,"minecraft:oak_sapling":13,"minecraft:cooked_porkchop":3,"minecraft:andesite":3,"minecraft:cooked_beef":6},"minecraft:custom":{"minecraft:interact_with_furnace":20,"minecraft:mob_kills":14,"minecraft:interact_with_crafting_table":12,"minecraft:leave_game":1,"minecraft:time_since_death":83891,"minecraft:sleep_in_bed":1,"minecraft:climb_one_cm":3726,"minecraft:time_since_rest":3481,"minecraft:sprint_one_cm":119690,"minecraft:damage_taken":756,"minecraft:walk_one_cm":346207,"minecraft:drop":28,"minecraft:damage_dealt":1772,"minecraft:fly_one_cm":29711,"minecraft:open_chest":16,"minecraft:crouch_one_cm":322,"minecraft:play_time":83891,"tombstone:undead_killed":6,"minecraft:sneak_time":181,"minecraft:walk_under_water_one_cm":793,"minecraft:jump":712,"minecraft:walk_on_water_one_cm":11453,"minecraft:total_world_time":83891,"minecraft:fall_one_cm":9735},"minecraft:mined":{"minecraft:oak_sapling":3,"minecraft:mossy_cobblestone":1,"minecraft:glow_lichen":1,"minecraft:torch":3,"minecraft:grass_block":1,"minecraft:tall_grass":3,"minecraft:copper_ore":29,"minecraft:cobblestone":23,"minecraft:iron_ore":12,"minecraft:andesite":4,"minecraft:birch_leaves":4,"minecraft:grass":32,"minecraft:oak_log":48,"minecraft:coal_ore":60,"minecraft:gravel":4,"minecraft:dirt":5,"minecraft:cobweb":1,"minecraft:stone":117,"minecraft:oak_leaves":74},"minecraft:broken":{"minecraft:stone_pickaxe":1},"minecraft:dropped":{"minecraft:gravel":2,"minecraft:wheat_seeds":1,"minecraft:mossy_cobblestone":2,"minecraft:cooked_porkchop":3,"minecraft:oak_planks":8,"minecraft:leather":3,"minecraft:stick":15,"minecraft:dirt":4,"minecraft:wooden_axe":1,"minecraft:oak_sapling":1,"minecraft:wooden_sword":3,"minecraft:wooden_pickaxe":2,"minecraft:dandelion":3}},"DataVersion":3465}