{"stats":{"minecraft:picked_up":{"minecraft:andesite":2,"minecraft:leather":3,"minecraft:dandelion":3,"minecraft:wooden_pickaxe":1,"minecraft:porkchop":8,"minecraft:oak_log":25,"minecraft:mossy_cobblestone":2,"minecraft:string":1,"minecraft:wooden_sword":3,"minecraft:oak_sapling":1,"minecraft:oak_planks":8,"minecraft:cobblestone":95},"minecraft:crafted":{"minecraft:oak_planks":18,"minecraft:cooked_porkchop":2,"minecraft:stick":8,"minecraft:wooden_pickaxe":1,"minecraft:stone_pickaxe":1,"minecraft:stone_sword":1,"minecraft:furnace":1,"minecraft:stone_axe":1},"minecraft:killed":{"minecraft:zombie":1,"minecraft:pig":4},"minecraft:used":{"minecraft:stone_sword":35,"minecraft:stone_pickaxe":91,"minecraft:wooden_pickaxe":10,"minecraft:stone_axe":27,"minecraft:cobblestone":3,"minecraft:furnace":1,"minecraft:cooked_porkchop":2,"minecraft:andesite":2},"minecraft:custom":{"minecraft:time_since_rest":24369,"minecraft:interact_with_furnace":2,"minecraft:sprint_one_cm":35709,"minecraft:damage_taken":105,"minecraft:walk_one_cm":125222,"minecraft:mob_kills":5,"minecraft:drop":15,"minecraft:damage_dealt":542,"minecraft:interact_with_crafting_table":7,"minecraft:fly_one_cm":10149,"minecraft:crouch_one_cm":128,"minecraft:play_time":24369,"tombstone:undead_killed":1,"minecraft:sneak_time":77,"minecraft:jump":267,"minecraft:time_since_death":24369,"minecraft:climb_one_cm":3176,"minecraft:total_world_time":24369,"minecraft:fall_one_cm":3694},"minecraft:mined":{"minecraft:mossy_cobblestone":1,"minecraft:birch_leaves":4,"minecraft:andesite":2,"minecraft:grass":23,"minecraft:oak_log":25,"minecraft:cobweb":1,"minecraft:cobblestone":18,"minecraft:stone":80,"minecraft:oak_leaves":9},"minecraft:dropped":{"minecraft:mossy_cobblestone":2,"minecraft:wooden_sword":3,"minecraft:oak_planks":8,"minecraft:leather":3,"minecraft:wooden_pickaxe":2,"minecraft:dandelion":3}},"DataVersion":3465}