{"stats":{"minecraft:picked_up":{"minecraft:wooden_sword":3,"minecraft:wooden_pickaxe":1,"minecraft:leather":3,"minecraft:dandelion":3,"minecraft:oak_log":5,"minecraft:oak_planks":8,"minecraft:mossy_cobblestone":2,"minecraft:cobblestone":9},"minecraft:crafted":{"minecraft:stone_sword":1,"minecraft:oak_planks":18,"minecraft:stone_axe":1,"minecraft:stick":8,"minecraft:stone_pickaxe":1,"minecraft:wooden_pickaxe":1},"minecraft:used":{"minecraft:stone_axe":1,"minecraft:wooden_pickaxe":10},"minecraft:custom":{"minecraft:time_since_rest":12369,"minecraft:crouch_one_cm":84,"minecraft:play_time":12369,"minecraft:sprint_one_cm":15296,"minecraft:damage_taken":85,"minecraft:walk_one_cm":45746,"minecraft:sneak_time":58,"minecraft:drop":15,"minecraft:jump":119,"minecraft:damage_dealt":110,"minecraft:time_since_death":12369,"minecraft:total_world_time":12369,"minecraft:climb_one_cm":1247,"minecraft:interact_with_crafting_table":6,"minecraft:fall_one_cm":2005,"minecraft:fly_one_cm":8107},"minecraft:mined":{"minecraft:grass":13,"minecraft:oak_log":5,"minecraft:mossy_cobblestone":1,"minecraft:cobblestone":9,"minecraft:oak_leaves":1},"minecraft:dropped":{"minecraft:oak_planks":8,"minecraft:wooden_sword":3,"minecraft:leather":3,"minecraft:wooden_pickaxe":2,"minecraft:mossy_cobblestone":2,"minecraft:dandelion":3}},"DataVersion":3465}