{"stats":{"minecraft:picked_up":{"minecraft:iron_chestplate":1,"minecraft:andesite":7,"minecraft:leather":6,"minecraft:diamond_sword":1,"minecraft:wooden_pickaxe":1,"tombstone:gemstone_of_familiar":1,"minecraft:light_gray_dye":2,"minecraft:oak_log":47,"minecraft:dirt":5,"minecraft:string":9,"minecraft:raw_copper":124,"minecraft:wooden_sword":3,"minecraft:bone":5,"minecraft:apple":1,"minecraft:wheat_seeds":9,"minecraft:gold_nugget":3,"minecraft:beef":1,"tombstone:bag_of_seeds":1,"minecraft:iron_pickaxe":1,"minecraft:iron_sword":1,"minecraft:oak_planks":8,"minecraft:stick":3,"minecraft:raw_iron":12,"minecraft:sandstone":3,"minecraft:torch":15,"minecraft:dandelion":3,"minecraft:gravel":6,"minecraft:porkchop":14,"minecraft:white_dye":2,"minecraft:sand":5,"minecraft:ink_sac":2,"minecraft:diorite":7,"minecraft:carrot":57,"minecraft:spider_eye":1,"minecraft:mossy_cobblestone":2,"minecraft:black_dye":1,"minecraft:bundle":1,"minecraft:arrow":3,"minecraft:stone_shovel":1,"minecraft:rotten_flesh":1,"minecraft:bone_meal":1,"minecraft:gold_ingot":14,"minecraft:oak_sapling":14,"minecraft:coal":57,"minecraft:cobblestone":170,"minecraft:wooden_axe":1},"minecraft:used":{"minecraft:cooked_mutton":2,"minecraft:stone_sword":78,"minecraft:stone_pickaxe":241,"minecraft:stone_shovel":12,"minecraft:chest":2,"minecraft:wooden_pickaxe":10,"minecraft:iron_sword":18,"minecraft:stone_hoe":89,"minecraft:iron_chestplate":1,"minecraft:torch":9,"minecraft:carrot":42,"minecraft:apple":1,"minecraft:iron_pickaxe":43,"minecraft:bread":1,"minecraft:cobblestone":18,"minecraft:stone_axe":115,"minecraft:gravel":2,"minecraft:diamond_sword":61,"minecraft:golden_carrot":2,"minecraft:oak_sapling":13,"minecraft:furnace":1,"minecraft:cooked_porkchop":4,"minecraft:andesite":3,"tombstone:gift":1,"minecraft:cooked_beef":7,"minecraft:bone_meal":25},"minecraft:custom":{"minecraft:interact_with_furnace":29,"minecraft:mob_kills":26,"minecraft:interact_with_crafting_table":20,"minecraft:open_barrel":4,"minecraft:leave_game":2,"minecraft:time_since_death":155052,"minecraft:sleep_in_bed":3,"minecraft:climb_one_cm":7379,"minecraft:time_since_rest":4804,"minecraft:sprint_one_cm":230573,"minecraft:damage_taken":1261,"minecraft:walk_one_cm":554886,"minecraft:drop":63,"minecraft:damage_dealt":3499,"minecraft:play_time":155052,"minecraft:swim_one_cm":27949,"minecraft:fly_one_cm":68255,"minecraft:talked_to_villager":2,"minecraft:open_chest":46,"minecraft:crouch_one_cm":392,"tombstone:undead_killed":11,"minecraft:sneak_time":300,"minecraft:walk_under_water_one_cm":8932,"tombstone:villager_killed":1,"minecraft:boat_one_cm":22230,"tombstone:tomb_raiding":1,"minecraft:jump":1053,"minecraft:walk_on_water_one_cm":17662,"minecraft:total_world_time":155052,"minecraft:fall_one_cm":13864},"minecraft:crafted":{"minecraft:golden_carrot":4,"minecraft:cooked_beef":8,"minecraft:oak_planks":98,"minecraft:cooked_porkchop":15,"simplybackpacks:commonbackpack":1,"minecraft:wooden_pickaxe":1,"minecraft:furnace":1,"minecraft:copper_ingot":6,"minecraft:bone_meal":21,"minecraft:stone_axe":3,"minecraft:cooked_mutton":2,"minecraft:charcoal":2,"minecraft:gold_nugget":36,"minecraft:stick":44,"minecraft:iron_ingot":4,"minecraft:stone_pickaxe":2,"minecraft:stone_sword":1,"minecraft:chest":3,"minecraft:iron_leggings":1,"minecraft:torch":26,"minecraft:stone_hoe":1},"minecraft:dropped":{"minecraft:gravel":2,"minecraft:wheat_seeds":8,"minecraft:mossy_cobblestone":2,"minecraft:cooked_porkchop":3,"minecraft:stone_shovel":1,"minecraft:rotten_flesh":1,"minecraft:oak_planks":8,"minecraft:leather":3,"minecraft:stick":15,"minecraft:dirt":5,"minecraft:diorite":7,"minecraft:golden_carrot":2,"minecraft:bundle":1,"minecraft:wooden_axe":1,"minecraft:andesite":2,"minecraft:oak_sapling":1,"minecraft:potion":1,"minecraft:wooden_sword":3,"minecraft:spider_eye":1,"minecraft:sandstone":3,"minecraft:sand":5,"minecraft:wooden_pickaxe":3,"minecraft:gold_ingot":14,"minecraft:dandelion":3},"minecraft:broken":{"minecraft:stone_pickaxe":1},"minecraft:mined":{"minecraft:oak_sapling":3,"minecraft:mossy_cobblestone":1,"minecraft:glow_lichen":1,"minecraft:torch":4,"minecraft:grass_block":1,"minecraft:copper_ore":29,"minecraft:tall_grass":4,"minecraft:cobblestone":23,"minecraft:diorite":7,"minecraft:sandstone":2,"minecraft:spawner":2,"minecraft:carrots":23,"minecraft:iron_ore":12,"minecraft:birch_leaves":4,"minecraft:andesite":6,"minecraft:peony":1,"minecraft:grass":72,"minecraft:coal_ore":60,"minecraft:oak_log":48,"minecraft:vine":1,"minecraft:sand":8,"minecraft:gravel":8,"minecraft:dirt":5,"minecraft:cobweb":4,"minecraft:stone":145,"minecraft:oak_leaves":74},"minecraft:killed":{"minecraft:pig":7,"minecraft:spider":2,"minecraft:wandering_trader":1,"minecraft:creeper":1,"minecraft:squid":2,"minecraft:skeleton":5,"minecraft:zombie":6,"minecraft:cow":1}},"DataVersion":3465}