{"stats":{"minecraft:crafted":{"minecraft:cooked_beef":7,"minecraft:oak_planks":98,"minecraft:cooked_porkchop":6,"minecraft:wooden_pickaxe":1,"minecraft:furnace":1,"minecraft:copper_ingot":6,"minecraft:stone_axe":3,"minecraft:cooked_mutton":2,"minecraft:charcoal":2,"minecraft:stick":44,"minecraft:iron_ingot":1,"minecraft:stone_pickaxe":2,"minecraft:stone_sword":1,"minecraft:chest":2,"minecraft:torch":26},"minecraft:picked_up":{"minecraft:wooden_axe":1,"minecraft:iron_chestplate":1,"minecraft:andesite":6,"minecraft:leather":5,"minecraft:diamond_sword":1,"minecraft:wooden_pickaxe":1,"tombstone:gemstone_of_familiar":1,"minecraft:oak_log":47,"minecraft:string":9,"minecraft:dirt":4,"minecraft:raw_copper":124,"minecraft:wooden_sword":3,"minecraft:bone":5,"minecraft:apple":1,"minecraft:wheat_seeds":2,"minecraft:beef":1,"tombstone:bag_of_seeds":1,"minecraft:iron_pickaxe":1,"minecraft:iron_sword":1,"minecraft:oak_planks":8,"minecraft:raw_iron":12,"minecraft:stick":3,"minecraft:torch":15,"minecraft:dandelion":3,"minecraft:gravel":4,"minecraft:porkchop":14,"minecraft:diorite":7,"minecraft:spider_eye":1,"minecraft:mossy_cobblestone":2,"minecraft:bundle":1,"minecraft:rotten_flesh":1,"minecraft:arrow":3,"minecraft:oak_sapling":14,"minecraft:coal":57,"minecraft:cobblestone":165},"minecraft:killed":{"minecraft:pig":7,"minecraft:spider":2,"minecraft:creeper":1,"minecraft:skeleton":5,"minecraft:zombie":6,"minecraft:cow":1},"minecraft:used":{"minecraft:cooked_mutton":2,"minecraft:stone_sword":78,"minecraft:stone_pickaxe":241,"minecraft:chest":2,"minecraft:wooden_pickaxe":10,"minecraft:iron_sword":18,"minecraft:iron_chestplate":1,"minecraft:torch":9,"minecraft:apple":1,"minecraft:iron_pickaxe":36,"minecraft:gravel":2,"minecraft:stone_axe":115,"minecraft:diamond_sword":27,"minecraft:cobblestone":18,"minecraft:furnace":1,"minecraft:oak_sapling":13,"minecraft:cooked_porkchop":3,"minecraft:andesite":3,"tombstone:gift":1,"minecraft:cooked_beef":7},"minecraft:custom":{"minecraft:interact_with_furnace":20,"minecraft:mob_kills":23,"minecraft:interact_with_crafting_table":12,"minecraft:open_barrel":4,"minecraft:leave_game":1,"minecraft:time_since_death":107891,"minecraft:sleep_in_bed":1,"minecraft:climb_one_cm":7379,"minecraft:time_since_rest":27481,"minecraft:sprint_one_cm":154908,"minecraft:damage_taken":1052,"minecraft:walk_one_cm":457940,"minecraft:drop":28,"minecraft:damage_dealt":3099,"minecraft:fly_one_cm":35382,"minecraft:open_chest":28,"minecraft:crouch_one_cm":392,"minecraft:play_time":107891,"tombstone:undead_killed":11,"minecraft:sneak_time":239,"minecraft:walk_under_water_one_cm":793,"minecraft:boat_one_cm":13472,"minecraft:jump":792,"minecraft:walk_on_water_one_cm":12022,"minecraft:total_world_time":107891,"minecraft:fall_one_cm":9944},"minecraft:mined":{"minecraft:oak_sapling":3,"minecraft:mossy_cobblestone":1,"minecraft:glow_lichen":1,"minecraft:torch":4,"minecraft:grass_block":1,"minecraft:tall_grass":4,"minecraft:copper_ore":29,"minecraft:cobblestone":23,"minecraft:diorite":7,"minecraft:spawner":2,"minecraft:iron_ore":12,"minecraft:andesite":6,"minecraft:birch_leaves":4,"minecraft:grass":43,"minecraft:oak_log":48,"minecraft:coal_ore":60,"minecraft:vine":1,"minecraft:gravel":4,"minecraft:dirt":5,"minecraft:cobweb":4,"minecraft:stone":140,"minecraft:oak_leaves":74},"minecraft:broken":{"minecraft:stone_pickaxe":1},"minecraft:dropped":{"minecraft:gravel":2,"minecraft:wheat_seeds":1,"minecraft:mossy_cobblestone":2,"minecraft:cooked_porkchop":3,"minecraft:oak_planks":8,"minecraft:leather":3,"minecraft:stick":15,"minecraft:dirt":4,"minecraft:wooden_axe":1,"minecraft:oak_sapling":1,"minecraft:wooden_sword":3,"minecraft:wooden_pickaxe":2,"minecraft:dandelion":3}},"DataVersion":3465}