{"stats":{"minecraft:picked_up":{"minecraft:andesite":4,"minecraft:leather":3,"minecraft:wooden_pickaxe":1,"minecraft:oak_log":37,"minecraft:string":1,"minecraft:dirt":4,"minecraft:raw_copper":124,"minecraft:wooden_sword":3,"minecraft:bone":4,"minecraft:apple":1,"minecraft:oak_planks":8,"minecraft:stick":3,"minecraft:raw_iron":8,"minecraft:torch":13,"minecraft:dandelion":3,"minecraft:gravel":1,"minecraft:porkchop":11,"minecraft:mossy_cobblestone":2,"minecraft:arrow":3,"minecraft:oak_sapling":11,"minecraft:coal":31,"minecraft:cobblestone":121},"minecraft:crafted":{"minecraft:cooked_beef":7,"minecraft:oak_planks":98,"minecraft:cooked_porkchop":6,"minecraft:wooden_pickaxe":1,"minecraft:furnace":1,"minecraft:copper_ingot":6,"minecraft:stone_axe":2,"minecraft:charcoal":2,"minecraft:stick":24,"minecraft:stone_pickaxe":2,"minecraft:stone_sword":1,"minecraft:chest":2},"minecraft:killed":{"minecraft:pig":6,"minecraft:creeper":1,"minecraft:skeleton":3,"minecraft:zombie":2},"minecraft:used":{"minecraft:stone_sword":76,"minecraft:stone_pickaxe":196,"minecraft:chest":2,"minecraft:wooden_pickaxe":10,"minecraft:torch":5,"minecraft:apple":1,"minecraft:stone_axe":95,"minecraft:cobblestone":4,"minecraft:furnace":1,"minecraft:oak_sapling":10,"minecraft:cooked_porkchop":3,"minecraft:andesite":3,"minecraft:cooked_beef":4},"minecraft:custom":{"minecraft:interact_with_furnace":13,"minecraft:mob_kills":13,"minecraft:interact_with_crafting_table":9,"minecraft:time_since_death":60369,"minecraft:climb_one_cm":3726,"minecraft:time_since_rest":60369,"minecraft:sprint_one_cm":91829,"minecraft:damage_taken":595,"minecraft:walk_one_cm":261018,"minecraft:drop":24,"minecraft:damage_dealt":1672,"minecraft:fly_one_cm":22285,"minecraft:open_chest":10,"minecraft:crouch_one_cm":322,"minecraft:play_time":60369,"tombstone:undead_killed":5,"minecraft:sneak_time":181,"minecraft:jump":514,"minecraft:walk_on_water_one_cm":433,"minecraft:total_world_time":60369,"minecraft:fall_one_cm":8630},"minecraft:mined":{"minecraft:oak_sapling":1,"minecraft:mossy_cobblestone":1,"minecraft:torch":3,"minecraft:glow_lichen":1,"minecraft:tall_grass":3,"minecraft:copper_ore":29,"minecraft:cobblestone":21,"minecraft:iron_ore":8,"minecraft:andesite":4,"minecraft:birch_leaves":4,"minecraft:grass":30,"minecraft:oak_log":38,"minecraft:coal_ore":36,"minecraft:gravel":1,"minecraft:dirt":4,"minecraft:cobweb":1,"minecraft:stone":102,"minecraft:oak_leaves":64},"minecraft:dropped":{"minecraft:mossy_cobblestone":2,"minecraft:cooked_porkchop":3,"minecraft:oak_planks":8,"minecraft:leather":3,"minecraft:stick":15,"minecraft:dirt":4,"minecraft:oak_sapling":1,"minecraft:wooden_sword":3,"minecraft:wooden_pickaxe":2,"minecraft:dandelion":3}},"DataVersion":3465}